Type,Name,Request Count,Failure Count,Median Response Time,Average Response Time,Min Response Time,Max Response Time,Average Content Size,Requests/s,Failures/s,50%,66%,75%,80%,90%,95%,98%,99%,99.9%,99.99%,100%
GET,/product,234,93,3000.0,6483.0101131794645,33.18485699855955,304737.3774410007,159.07692307692307,0.3921155332543366,0.15584078885749275,3000,3000,3000,4000,10000,23000,33000,45000,305000,305000,305000
POST,/user/login,241,104,1200.0,4178.2952424647065,9.710339996672701,69630.32876299985,159.448132780083,0.40384548510382534,0.17427357033526072,1200,3000,3400,4300,10000,17000,33000,44000,70000,70000,70000
POST,/user/register,265,109,2400.0,3130.8835302829366,10.558312998909969,33960.810458003834,165.4188679245283,0.4440624628735009,0.1826521073706098,2400,3000,3000,3000,5400,11000,23000,24000,34000,34000,34000
GET,/wishlist,145,32,1900.0,4655.561125648342,64.16155700571835,46615.430434998416,113.31724137931035,0.24297757402512313,0.05362263702623407,1900,3000,3100,5400,16000,22000,33000,44000,47000,47000,47000
POST,/wishlist,156,61,3000.0,3946.5732432180143,7.516475998272654,49123.74165399524,124.83974358974359,0.2614103555028911,0.1022181518312587,3000,3000,3000,3100,5300,18000,33000,48000,49000,49000,49000
GET,/wishlist/00ef2320-899d-426b-94c3-5c5adda9d72c,1,1,2123.2915009968565,2123.2915009968565,2123.2915009968565,2123.2915009968565,31.0,0.0016757074070698147,0.0016757074070698147,2100,2100,2100,2100,2100,2100,2100,2100,2100,2100,2100
GET,/wishlist/063d9460-cc5f-4d56-96bb-78a18120fcd6,1,0,353.0993239983218,353.0993239983218,353.0993239983218,353.0993239983218,150.0,0.0016757074070698147,0.0,350,350,350,350,350,350,350,350,350,350,350
DELETE,/wishlist/07ad2d30-ae01-4140-943e-03103ecd465a,1,0,65.76855800085468,65.76855800085468,65.76855800085468,65.76855800085468,213.0,0.0016757074070698147,0.0,66,66,66,66,66,66,66,66,66,66,66
GET,/wishlist/07ad2d30-ae01-4140-943e-03103ecd465a,2,1,590.0,841.3166524987901,586.3945479941322,1096.238757003448,90.5,0.0033514148141396295,0.0016757074070698147,1100,1100,1100,1100,1100,1100,1100,1100,1100,1100,1100
PUT,/wishlist/07ad2d30-ae01-4140-943e-03103ecd465a,2,0,6300.0,19721.252952502255,6283.533519002958,33158.97238600155,56.5,0.0033514148141396295,0.0,33000,33000,33000,33000,33000,33000,33000,33000,33000,33000,33000
DELETE,/wishlist/082b6642-f745-4d94-a2a8-51be61adc328,1,0,3664.729890995659,3664.729890995659,3664.729890995659,3664.729890995659,213.0,0.0016757074070698147,0.0,3700,3700,3700,3700,3700,3700,3700,3700,3700,3700,3700
GET,/wishlist/082b6642-f745-4d94-a2a8-51be61adc328,1,0,581.5084739951999,581.5084739951999,581.5084739951999,581.5084739951999,150.0,0.0016757074070698147,0.0,580,580,580,580,580,580,580,580,580,580,580
PUT,/wishlist/082b6642-f745-4d94-a2a8-51be61adc328,1,0,7277.020597000956,7277.020597000956,7277.020597000956,7277.020597000956,113.0,0.0016757074070698147,0.0,7300,7300,7300,7300,7300,7300,7300,7300,7300,7300,7300
GET,/wishlist/11886763-8bcf-47ca-b05e-66dad0cade56,1,0,333.9260299981106,333.9260299981106,333.9260299981106,333.9260299981106,150.0,0.0016757074070698147,0.0,330,330,330,330,330,330,330,330,330,330,330
GET,/wishlist/168b646a-3d89-4306-a7f6-96a03c931840,1,1,122.8502970043337,122.8502970043337,122.8502970043337,122.8502970043337,31.0,0.0016757074070698147,0.0016757074070698147,120,120,120,120,120,120,120,120,120,120,120
PUT,/wishlist/168b646a-3d89-4306-a7f6-96a03c931840,1,0,8032.952053996269,8032.952053996269,8032.952053996269,8032.952053996269,113.0,0.0016757074070698147,0.0,8000,8000,8000,8000,8000,8000,8000,8000,8000,8000,8000
GET,/wishlist/1a78469c-7853-4663-bc60-d2e6dbc8a48e,1,0,69.26667699735845,69.26667699735845,69.26667699735845,69.26667699735845,150.0,0.0016757074070698147,0.0,69,69,69,69,69,69,69,69,69,69,69
PUT,/wishlist/1a78469c-7853-4663-bc60-d2e6dbc8a48e,1,0,72.36917599948356,72.36917599948356,72.36917599948356,72.36917599948356,113.0,0.0016757074070698147,0.0,72,72,72,72,72,72,72,72,72,72,72
GET,/wishlist/1fa24890-3353-4f62-87c7-2b39f0403d4b,1,0,3918.6600640023244,3918.6600640023244,3918.6600640023244,3918.6600640023244,150.0,0.0016757074070698147,0.0,3900,3900,3900,3900,3900,3900,3900,3900,3900,3900,3900
DELETE,/wishlist/2208377a-35eb-4046-99b5-fadfcc4dde16,2,2,68,24298.482935999346,67.97683799959486,48528.989033999096,167.0,0.0033514148141396295,0.0033514148141396295,49000,49000,49000,49000,49000,49000,49000,49000,49000,49000,49000
GET,/wishlist/2208377a-35eb-4046-99b5-fadfcc4dde16,2,2,3012.950415002706,3013.5837595007615,3012.950415002706,3014.217103998817,0.0,0.0033514148141396295,0.0033514148141396295,3000,3000,3000,3000,3000,3000,3000,3000,3000,3000,3000
PUT,/wishlist/2208377a-35eb-4046-99b5-fadfcc4dde16,2,1,3010.7736729987664,3624.265746500896,3010.7736729987664,4237.757820003026,56.5,0.0033514148141396295,0.0016757074070698147,4200,4200,4200,4200,4200,4200,4200,4200,4200,4200,4200
GET,/wishlist/235b3425-ec81-41b8-8c70-013607c80871,1,1,3014.267924998421,3014.267924998421,3014.267924998421,3014.267924998421,0.0,0.0016757074070698147,0.0016757074070698147,3000,3000,3000,3000,3000,3000,3000,3000,3000,3000,3000
PUT,/wishlist/235b3425-ec81-41b8-8c70-013607c80871,1,0,10315.70106500294,10315.70106500294,10315.70106500294,10315.70106500294,113.0,0.0016757074070698147,0.0,10000,10000,10000,10000,10000,10000,10000,10000,10000,10000,10000
DELETE,/wishlist/24380c67-6f02-4bfc-aea2-c427ec9b9b0e,2,1,1200.0,1685.6929075038352,1154.5729260033113,2216.812889004359,122.5,0.0033514148141396295,0.0016757074070698147,2200,2200,2200,2200,2200,2200,2200,2200,2200,2200,2200
GET,/wishlist/24380c67-6f02-4bfc-aea2-c427ec9b9b0e,2,1,65.24965100106783,200.93076550256228,65.24965100106783,336.61188000405673,90.5,0.0033514148141396295,0.0016757074070698147,340,340,340,340,340,340,340,340,340,340,340
PUT,/wishlist/24380c67-6f02-4bfc-aea2-c427ec9b9b0e,2,0,371.2303940046695,476.3986545003718,371.2303940046695,581.566914996074,56.5,0.0033514148141396295,0.0,580,580,580,580,580,580,580,580,580,580,580
DELETE,/wishlist/2449c438-b8c7-494d-9147-c602bdee7cf9,1,0,64.72617800318403,64.72617800318403,64.72617800318403,64.72617800318403,213.0,0.0016757074070698147,0.0,65,65,65,65,65,65,65,65,65,65,65
GET,/wishlist/2449c438-b8c7-494d-9147-c602bdee7cf9,1,0,68.57372499507619,68.57372499507619,68.57372499507619,68.57372499507619,150.0,0.0016757074070698147,0.0,69,69,69,69,69,69,69,69,69,69,69
PUT,/wishlist/2449c438-b8c7-494d-9147-c602bdee7cf9,1,0,859.7290889956639,859.7290889956639,859.7290889956639,859.7290889956639,113.0,0.0016757074070698147,0.0,860,860,860,860,860,860,860,860,860,860,860
DELETE,/wishlist/285030ac-fbe0-44ad-81b5-e0f555330cbd,1,0,4364.265085001534,4364.265085001534,4364.265085001534,4364.265085001534,213.0,0.0016757074070698147,0.0,4400,4400,4400,4400,4400,4400,4400,4400,4400,4400,4400
GET,/wishlist/285030ac-fbe0-44ad-81b5-e0f555330cbd,1,0,68.06174400117015,68.06174400117015,68.06174400117015,68.06174400117015,150.0,0.0016757074070698147,0.0,68,68,68,68,68,68,68,68,68,68,68
PUT,/wishlist/285030ac-fbe0-44ad-81b5-e0f555330cbd,1,0,1943.883560001268,1943.883560001268,1943.883560001268,1943.883560001268,113.0,0.0016757074070698147,0.0,1900,1900,1900,1900,1900,1900,1900,1900,1900,1900,1900
DELETE,/wishlist/2895b9c0-c898-4ef0-99f3-b19cbde6f8d0,1,1,2125.3534979987307,2125.3534979987307,2125.3534979987307,2125.3534979987307,167.0,0.0016757074070698147,0.0016757074070698147,2100,2100,2100,2100,2100,2100,2100,2100,2100,2100,2100
GET,/wishlist/2895b9c0-c898-4ef0-99f3-b19cbde6f8d0,1,1,3020.9911670026486,3020.9911670026486,3020.9911670026486,3020.9911670026486,0.0,0.0016757074070698147,0.0016757074070698147,3000,3000,3000,3000,3000,3000,3000,3000,3000,3000,3000
PUT,/wishlist/2895b9c0-c898-4ef0-99f3-b19cbde6f8d0,1,1,3012.013804000162,3012.013804000162,3012.013804000162,3012.013804000162,0.0,0.0016757074070698147,0.0016757074070698147,3000,3000,3000,3000,3000,3000,3000,3000,3000,3000,3000
DELETE,/wishlist/372859c8-4a7f-416e-a043-b8a5c3949f0a,3,3,150.0,1115.3403416659178,82.25566700275522,3108.9363469945965,111.33333333333333,0.005027122221209444,0.005027122221209444,150,150,3100,3100,3100,3100,3100,3100,3100,3100,3100
GET,/wishlist/372859c8-4a7f-416e-a043-b8a5c3949f0a,3,3,31000.0,111690.45038933352,158.68610400502803,304058.4433089971,40.0,0.005027122221209444,0.005027122221209444,31000,31000,304000,304000,304000,304000,304000,304000,304000,304000,304000
PUT,/wishlist/372859c8-4a7f-416e-a043-b8a5c3949f0a,3,2,3000.0,2050.259884669989,83.89285600424046,3054.2485650003073,37.666666666666664,0.005027122221209444,0.0033514148141396295,3000,3000,3100,3100,3100,3100,3100,3100,3100,3100,3100
DELETE,/wishlist/39ae0739-7597-4b4f-a471-400375323678,1,0,340.6296479952289,340.6296479952289,340.6296479952289,340.6296479952289,205.0,0.0016757074070698147,0.0,340,340,340,340,340,340,340,340,340,340,340
GET,/wishlist/39ae0739-7597-4b4f-a471-400375323678,1,0,14381.037086001015,14381.037086001015,14381.037086001015,14381.037086001015,150.0,0.0016757074070698147,0.0,14000,14000,14000,14000,14000,14000,14000,14000,14000,14000,14000
PUT,/wishlist/39ae0739-7597-4b4f-a471-400375323678,1,1,3016.3708589971066,3016.3708589971066,3016.3708589971066,3016.3708589971066,0.0,0.0016757074070698147,0.0016757074070698147,3000,3000,3000,3000,3000,3000,3000,3000,3000,3000,3000
GET,/wishlist/3a9ab5d4-772d-4eb0-b135-427ec116d91f,1,0,66.59240699809743,66.59240699809743,66.59240699809743,66.59240699809743,150.0,0.0016757074070698147,0.0,67,67,67,67,67,67,67,67,67,67,67
PUT,/wishlist/3a9ab5d4-772d-4eb0-b135-427ec116d91f,1,0,75.11600999714574,75.11600999714574,75.11600999714574,75.11600999714574,113.0,0.0016757074070698147,0.0,75,75,75,75,75,75,75,75,75,75,75
DELETE,/wishlist/3ba4ace0-346a-429e-be3f-920111453003,1,0,14380.829943998833,14380.829943998833,14380.829943998833,14380.829943998833,205.0,0.0016757074070698147,0.0,14000,14000,14000,14000,14000,14000,14000,14000,14000,14000,14000
GET,/wishlist/3ba4ace0-346a-429e-be3f-920111453003,1,0,14470.873396996467,14470.873396996467,14470.873396996467,14470.873396996467,150.0,0.0016757074070698147,0.0,14000,14000,14000,14000,14000,14000,14000,14000,14000,14000,14000
PUT,/wishlist/3ba4ace0-346a-429e-be3f-920111453003,1,1,3012.02252299845,3012.02252299845,3012.02252299845,3012.02252299845,0.0,0.0016757074070698147,0.0016757074070698147,3000,3000,3000,3000,3000,3000,3000,3000,3000,3000,3000
GET,/wishlist/3c84e1c0-d079-4d15-b403-deb2e7b14bd4,1,1,11501.30822599749,11501.30822599749,11501.30822599749,11501.30822599749,31.0,0.0016757074070698147,0.0016757074070698147,12000,12000,12000,12000,12000,12000,12000,12000,12000,12000,12000
PUT,/wishlist/3c84e1c0-d079-4d15-b403-deb2e7b14bd4,1,0,5128.5284719997435,5128.5284719997435,5128.5284719997435,5128.5284719997435,113.0,0.0016757074070698147,0.0,5100,5100,5100,5100,5100,5100,5100,5100,5100,5100,5100
DELETE,/wishlist/4ab3639b-b397-4da1-b004-3ffd8ee463d4,1,0,69.62719400326023,69.62719400326023,69.62719400326023,69.62719400326023,213.0,0.0016757074070698147,0.0,70,70,70,70,70,70,70,70,70,70,70
GET,/wishlist/4ab3639b-b397-4da1-b004-3ffd8ee463d4,1,0,1128.0088590065134,1128.0088590065134,1128.0088590065134,1128.0088590065134,150.0,0.0016757074070698147,0.0,1100,1100,1100,1100,1100,1100,1100,1100,1100,1100,1100
PUT,/wishlist/4ab3639b-b397-4da1-b004-3ffd8ee463d4,1,0,4222.079690996907,4222.079690996907,4222.079690996907,4222.079690996907,113.0,0.0016757074070698147,0.0,4200,4200,4200,4200,4200,4200,4200,4200,4200,4200,4200
DELETE,/wishlist/4ac9e65f-0381-424d-982e-e2144e75b9dc,1,0,71.94851500389632,71.94851500389632,71.94851500389632,71.94851500389632,213.0,0.0016757074070698147,0.0,72,72,72,72,72,72,72,72,72,72,72
GET,/wishlist/4ac9e65f-0381-424d-982e-e2144e75b9dc,1,0,586.5527439964353,586.5527439964353,586.5527439964353,586.5527439964353,150.0,0.0016757074070698147,0.0,590,590,590,590,590,590,590,590,590,590,590
PUT,/wishlist/4ac9e65f-0381-424d-982e-e2144e75b9dc,1,0,3151.4742840008694,3151.4742840008694,3151.4742840008694,3151.4742840008694,113.0,0.0016757074070698147,0.0,3200,3200,3200,3200,3200,3200,3200,3200,3200,3200,3200
GET,/wishlist/520d5768-a532-4bd4-b26f-f7e7abacf20c,1,1,3012.5685300008627,3012.5685300008627,3012.5685300008627,3012.5685300008627,0.0,0.0016757074070698147,0.0016757074070698147,3000,3000,3000,3000,3000,3000,3000,3000,3000,3000,3000
PUT,/wishlist/520d5768-a532-4bd4-b26f-f7e7abacf20c,1,0,4380.059582006652,4380.059582006652,4380.059582006652,4380.059582006652,113.0,0.0016757074070698147,0.0,4400,4400,4400,4400,4400,4400,4400,4400,4400,4400,4400
GET,/wishlist/5d4c3951-7aaf-47b2-83ab-5b68ee8a5446,1,0,871.7383059993153,871.7383059993153,871.7383059993153,871.7383059993153,150.0,0.0016757074070698147,0.0,870,870,870,870,870,870,870,870,870,870,870
DELETE,/wishlist/5e0d2469-2f81-4c98-b310-ba45a7421fe3,2,1,72,3884.9294999999984,71.96666399977403,7697.892336000223,122.5,0.0033514148141396295,0.0016757074070698147,7700,7700,7700,7700,7700,7700,7700,7700,7700,7700,7700
GET,/wishlist/5e0d2469-2f81-4c98-b310-ba45a7421fe3,2,2,66.08386799780419,66.75371799792629,66.08386799780419,67.42356799804838,31.0,0.0033514148141396295,0.0033514148141396295,67,67,67,67,67,67,67,67,67,67,67
PUT,/wishlist/5e0d2469-2f81-4c98-b310-ba45a7421fe3,2,0,380.0,633.8424839996151,376.50171799759846,891.1832500016317,56.5,0.0033514148141396295,0.0,890,890,890,890,890,890,890,890,890,890,890
DELETE,/wishlist/5fe29595-1ec5-4413-abd5-02bdd849a95e,1,0,847.1193879959174,847.1193879959174,847.1193879959174,847.1193879959174,213.0,0.0016757074070698147,0.0,850,850,850,850,850,850,850,850,850,850,850
GET,/wishlist/5fe29595-1ec5-4413-abd5-02bdd849a95e,1,0,65.76142999983858,65.76142999983858,65.76142999983858,65.76142999983858,150.0,0.0016757074070698147,0.0,66,66,66,66,66,66,66,66,66,66,66
PUT,/wishlist/5fe29595-1ec5-4413-abd5-02bdd849a95e,1,0,840.0812519976171,840.0812519976171,840.0812519976171,840.0812519976171,113.0,0.0016757074070698147,0.0,840,840,840,840,840,840,840,840,840,840,840
DELETE,/wishlist/6097d992-e6e9-4283-849f-1613ae76b7bb,2,1,65.34335199830821,1991.3588894996792,65.34335199830821,3917.37442700105,122.5,0.0033514148141396295,0.0016757074070698147,3900,3900,3900,3900,3900,3900,3900,3900,3900,3900,3900
GET,/wishlist/6097d992-e6e9-4283-849f-1613ae76b7bb,2,1,124.7024420008529,262.33605800007354,124.7024420008529,399.9696739992942,90.5,0.0033514148141396295,0.0016757074070698147,400,400,400,400,400,400,400,400,400,400,400
PUT,/wishlist/6097d992-e6e9-4283-849f-1613ae76b7bb,2,0,3646.938488003798,3777.6281665028364,3646.938488003798,3908.317845001875,56.5,0.0033514148141396295,0.0,3900,3900,3900,3900,3900,3900,3900,3900,3900,3900,3900
DELETE,/wishlist/618d5f1f-794d-415b-a130-ef049e162343,2,1,86,4231.498560999171,85.76463899953524,8377.232482998807,122.5,0.0033514148141396295,0.0016757074070698147,8400,8400,8400,8400,8400,8400,8400,8400,8400,8400,8400
GET,/wishlist/618d5f1f-794d-415b-a130-ef049e162343,2,1,900.0,6630.706604999432,896.7571249959292,12364.656085002935,90.5,0.0033514148141396295,0.0016757074070698147,12000,12000,12000,12000,12000,12000,12000,12000,12000,12000,12000
PUT,/wishlist/618d5f1f-794d-415b-a130-ef049e162343,2,0,2000.0,9044.032288496965,1957.1607109974138,16130.903865996515,56.5,0.0033514148141396295,0.0,16000,16000,16000,16000,16000,16000,16000,16000,16000,16000,16000
DELETE,/wishlist/63042566-6ca0-48bd-9b23-52a61226923c,1,0,583.4012310006074,583.4012310006074,583.4012310006074,583.4012310006074,213.0,0.0016757074070698147,0.0,580,580,580,580,580,580,580,580,580,580,580
GET,/wishlist/63042566-6ca0-48bd-9b23-52a61226923c,1,0,391.4552360001835,391.4552360001835,391.4552360001835,391.4552360001835,150.0,0.0016757074070698147,0.0,390,390,390,390,390,390,390,390,390,390,390
PUT,/wishlist/63042566-6ca0-48bd-9b23-52a61226923c,1,0,194.6202760009328,194.6202760009328,194.6202760009328,194.6202760009328,113.0,0.0016757074070698147,0.0,190,190,190,190,190,190,190,190,190,190,190
DELETE,/wishlist/6768912b-036f-4137-a283-557a70879ecf,1,0,32334.19562599738,32334.19562599738,32334.19562599738,32334.19562599738,213.0,0.0016757074070698147,0.0,32000,32000,32000,32000,32000,32000,32000,32000,32000,32000,32000
GET,/wishlist/6768912b-036f-4137-a283-557a70879ecf,1,0,65.49771400023019,65.49771400023019,65.49771400023019,65.49771400023019,150.0,0.0016757074070698147,0.0,65,65,65,65,65,65,65,65,65,65,65
PUT,/wishlist/6768912b-036f-4137-a283-557a70879ecf,1,0,880.395153995778,880.395153995778,880.395153995778,880.395153995778,113.0,0.0016757074070698147,0.0,880,880,880,880,880,880,880,880,880,880,880
DELETE,/wishlist/679d2c05-e6b9-4e89-981c-2a16e0184bf2,1,1,3013.0794960059575,3013.0794960059575,3013.0794960059575,3013.0794960059575,0.0,0.0016757074070698147,0.0016757074070698147,3000,3000,3000,3000,3000,3000,3000,3000,3000,3000,3000
GET,/wishlist/679d2c05-e6b9-4e89-981c-2a16e0184bf2,1,0,68.35435600078199,68.35435600078199,68.35435600078199,68.35435600078199,150.0,0.0016757074070698147,0.0,68,68,68,68,68,68,68,68,68,68,68
PUT,/wishlist/679d2c05-e6b9-4e89-981c-2a16e0184bf2,1,0,16346.843033999903,16346.843033999903,16346.843033999903,16346.843033999903,113.0,0.0016757074070698147,0.0,16000,16000,16000,16000,16000,16000,16000,16000,16000,16000,16000
GET,/wishlist/6b277303-90a2-4166-9085-30a4bd9d0ca1,1,1,1076.439049000328,1076.439049000328,1076.439049000328,1076.439049000328,31.0,0.0016757074070698147,0.0016757074070698147,1100,1100,1100,1100,1100,1100,1100,1100,1100,1100,1100
DELETE,/wishlist/73d9495f-e175-4982-9891-11db6f13b460,1,0,64.83709900203394,64.83709900203394,64.83709900203394,64.83709900203394,213.0,0.0016757074070698147,0.0,65,65,65,65,65,65,65,65,65,65,65
GET,/wishlist/73d9495f-e175-4982-9891-11db6f13b460,1,0,66.15846700151451,66.15846700151451,66.15846700151451,66.15846700151451,150.0,0.0016757074070698147,0.0,66,66,66,66,66,66,66,66,66,66,66
PUT,/wishlist/73d9495f-e175-4982-9891-11db6f13b460,1,0,362.88993200287223,362.88993200287223,362.88993200287223,362.88993200287223,113.0,0.0016757074070698147,0.0,360,360,360,360,360,360,360,360,360,360,360
DELETE,/wishlist/7569a022-8b69-4825-9ab4-138e5b19427d,1,0,3658.818641997641,3658.818641997641,3658.818641997641,3658.818641997641,213.0,0.0016757074070698147,0.0,3700,3700,3700,3700,3700,3700,3700,3700,3700,3700,3700
GET,/wishlist/7569a022-8b69-4825-9ab4-138e5b19427d,1,0,2182.3302259945194,2182.3302259945194,2182.3302259945194,2182.3302259945194,150.0,0.0016757074070698147,0.0,2200,2200,2200,2200,2200,2200,2200,2200,2200,2200,2200
PUT,/wishlist/7569a022-8b69-4825-9ab4-138e5b19427d,1,0,12299.343288003001,12299.343288003001,12299.343288003001,12299.343288003001,113.0,0.0016757074070698147,0.0,12000,12000,12000,12000,12000,12000,12000,12000,12000,12000,12000
DELETE,/wishlist/776711d9-adac-4c99-8645-2c687a308d39,2,1,330.0,591.1945590014511,328.7399320033728,853.6491859995294,122.5,0.0033514148141396295,0.0016757074070698147,850,850,850,850,850,850,850,850,850,850,850
GET,/wishlist/776711d9-adac-4c99-8645-2c687a308d39,2,1,332.24568399600685,1102.1811649989104,332.24568399600685,1872.116646001814,90.5,0.0033514148141396295,0.0016757074070698147,1900,1900,1900,1900,1900,1900,1900,1900,1900,1900,1900
PUT,/wishlist/776711d9-adac-4c99-8645-2c687a308d39,2,0,8137.037476000842,11321.461623501818,8137.037476000842,14505.885771002795,56.5,0.0033514148141396295,0.0,15000,15000,15000,15000,15000,15000,15000,15000,15000,15000,15000
DELETE,/wishlist/813b9808-eb38-4902-9566-3c98e2fa6e5d,1,0,67.21627400111174,67.21627400111174,67.21627400111174,67.21627400111174,213.0,0.0016757074070698147,0.0,67,67,67,67,67,67,67,67,67,67,67
GET,/wishlist/813b9808-eb38-4902-9566-3c98e2fa6e5d,1,0,18164.297044000705,18164.297044000705,18164.297044000705,18164.297044000705,150.0,0.0016757074070698147,0.0,18000,18000,18000,18000,18000,18000,18000,18000,18000,18000,18000
PUT,/wishlist/813b9808-eb38-4902-9566-3c98e2fa6e5d,1,0,415.68625700165285,415.68625700165285,415.68625700165285,415.68625700165285,113.0,0.0016757074070698147,0.0,420,420,420,420,420,420,420,420,420,420,420
DELETE,/wishlist/8548cf46-d6e4-4357-83ed-950e4f3bebf9,2,1,330.0,1320.7166049978696,327.4358659982681,2313.997343997471,122.5,0.0033514148141396295,0.0016757074070698147,2300,2300,2300,2300,2300,2300,2300,2300,2300,2300,2300
GET,/wishlist/8548cf46-d6e4-4357-83ed-950e4f3bebf9,2,1,2123.179894995701,3541.195735997462,2123.179894995701,4959.211576999223,90.5,0.0033514148141396295,0.0016757074070698147,5000,5000,5000,5000,5000,5000,5000,5000,5000,5000,5000
PUT,/wishlist/8548cf46-d6e4-4357-83ed-950e4f3bebf9,2,0,67,2193.6410130001605,66.58534400048666,4320.696681999834,56.5,0.0033514148141396295,0.0,4300,4300,4300,4300,4300,4300,4300,4300,4300,4300,4300
DELETE,/wishlist/86a5962c-6ad9-4a6d-ae53-b4acee2536e4,1,1,3013.460551002936,3013.460551002936,3013.460551002936,3013.460551002936,0.0,0.0016757074070698147,0.0016757074070698147,3000,3000,3000,3000,3000,3000,3000,3000,3000,3000,3000
GET,/wishlist/86a5962c-6ad9-4a6d-ae53-b4acee2536e4,1,1,304030.302743995,304030.302743995,304030.302743995,304030.302743995,0.0,0.0016757074070698147,0.0016757074070698147,304000,304000,304000,304000,304000,304000,304000,304000,304000,304000,304000
PUT,/wishlist/86a5962c-6ad9-4a6d-ae53-b4acee2536e4,1,1,3072.0878430001903,3072.0878430001903,3072.0878430001903,3072.0878430001903,0.0,0.0016757074070698147,0.0016757074070698147,3100,3100,3100,3100,3100,3100,3100,3100,3100,3100,3100
DELETE,/wishlist/8bf4c65a-2324-4ce8-8275-573744fa4daa,1,0,851.8692209981964,851.8692209981964,851.8692209981964,851.8692209981964,213.0,0.0016757074070698147,0.0,850,850,850,850,850,850,850,850,850,850,850
GET,/wishlist/8bf4c65a-2324-4ce8-8275-573744fa4daa,1,0,841.534256003797,841.534256003797,841.534256003797,841.534256003797,150.0,0.0016757074070698147,0.0,840,840,840,840,840,840,840,840,840,840,840
PUT,/wishlist/8bf4c65a-2324-4ce8-8275-573744fa4daa,1,0,67.9037019945099,67.9037019945099,67.9037019945099,67.9037019945099,113.0,0.0016757074070698147,0.0,68,68,68,68,68,68,68,68,68,68,68
DELETE,/wishlist/922a7cb3-07ee-4b7e-9887-2f6fa47f5e93,1,0,323.7481959949946,323.7481959949946,323.7481959949946,323.7481959949946,213.0,0.0016757074070698147,0.0,320,320,320,320,320,320,320,320,320,320,320
GET,/wishlist/922a7cb3-07ee-4b7e-9887-2f6fa47f5e93,1,0,1865.10554299457,1865.10554299457,1865.10554299457,1865.10554299457,150.0,0.0016757074070698147,0.0,1900,1900,1900,1900,1900,1900,1900,1900,1900,1900,1900
PUT,/wishlist/922a7cb3-07ee-4b7e-9887-2f6fa47f5e93,1,0,6407.24962099921,6407.24962099921,6407.24962099921,6407.24962099921,113.0,0.0016757074070698147,0.0,6400,6400,6400,6400,6400,6400,6400,6400,6400,6400,6400
DELETE,/wishlist/947a74d9-15d1-4523-9286-e35bed8d1e35,1,0,902.1183279983234,902.1183279983234,902.1183279983234,902.1183279983234,205.0,0.0016757074070698147,0.0,900,900,900,900,900,900,900,900,900,900,900
GET,/wishlist/947a74d9-15d1-4523-9286-e35bed8d1e35,1,1,46720.788780003204,46720.788780003204,46720.788780003204,46720.788780003204,31.0,0.0016757074070698147,0.0016757074070698147,47000,47000,47000,47000,47000,47000,47000,47000,47000,47000,47000
PUT,/wishlist/947a74d9-15d1-4523-9286-e35bed8d1e35,1,1,3019.047560002946,3019.047560002946,3019.047560002946,3019.047560002946,0.0,0.0016757074070698147,0.0016757074070698147,3000,3000,3000,3000,3000,3000,3000,3000,3000,3000,3000
DELETE,/wishlist/9775d2e9-6482-4ba8-825a-e49dcbcb42dd,1,0,66.64382100279909,66.64382100279909,66.64382100279909,66.64382100279909,213.0,0.0016757074070698147,0.0,67,67,67,67,67,67,67,67,67,67,67
GET,/wishlist/9775d2e9-6482-4ba8-825a-e49dcbcb42dd,1,0,351.3463099952787,351.3463099952787,351.3463099952787,351.3463099952787,150.0,0.0016757074070698147,0.0,350,350,350,350,350,350,350,350,350,350,350
PUT,/wishlist/9775d2e9-6482-4ba8-825a-e49dcbcb42dd,1,0,66.01646700437414,66.01646700437414,66.01646700437414,66.01646700437414,113.0,0.0016757074070698147,0.0,66,66,66,66,66,66,66,66,66,66,66
DELETE,/wishlist/a1aa8736-601f-4409-806d-f95949386095,1,0,70.92206800007261,70.92206800007261,70.92206800007261,70.92206800007261,205.0,0.0016757074070698147,0.0,71,71,71,71,71,71,71,71,71,71,71
GET,/wishlist/a1aa8736-601f-4409-806d-f95949386095,1,0,4039.562461002788,4039.562461002788,4039.562461002788,4039.562461002788,150.0,0.0016757074070698147,0.0,4000,4000,4000,4000,4000,4000,4000,4000,4000,4000,4000
PUT,/wishlist/a1aa8736-601f-4409-806d-f95949386095,1,1,6.808781996369362,6.808781996369362,6.808781996369362,6.808781996369362,0.0,0.0016757074070698147,0.0016757074070698147,7,7,7,7,7,7,7,7,7,7,7
GET,/wishlist/a5de8d60-9ca8-4c7c-87fb-27bc2bc825b9,1,0,68.83786099933786,68.83786099933786,68.83786099933786,68.83786099933786,150.0,0.0016757074070698147,0.0,69,69,69,69,69,69,69,69,69,69,69
GET,/wishlist/a991dc2b-62b2-4104-9b24-d7457e36fbb7,1,1,3015.037722005218,3015.037722005218,3015.037722005218,3015.037722005218,0.0,0.0016757074070698147,0.0016757074070698147,3000,3000,3000,3000,3000,3000,3000,3000,3000,3000,3000
GET,/wishlist/ab77684a-ca3f-4795-874c-ce3507445608,1,0,1937.7190270024585,1937.7190270024585,1937.7190270024585,1937.7190270024585,150.0,0.0016757074070698147,0.0,1900,1900,1900,1900,1900,1900,1900,1900,1900,1900,1900
DELETE,/wishlist/adc6304d-71b7-4c70-bcc9-c1b69fbdbe05,1,0,356.4934089954477,356.4934089954477,356.4934089954477,356.4934089954477,213.0,0.0016757074070698147,0.0,360,360,360,360,360,360,360,360,360,360,360
GET,/wishlist/adc6304d-71b7-4c70-bcc9-c1b69fbdbe05,1,0,96.13348100538133,96.13348100538133,96.13348100538133,96.13348100538133,150.0,0.0016757074070698147,0.0,96,96,96,96,96,96,96,96,96,96,96
PUT,/wishlist/adc6304d-71b7-4c70-bcc9-c1b69fbdbe05,1,0,67.48788800177863,67.48788800177863,67.48788800177863,67.48788800177863,113.0,0.0016757074070698147,0.0,67,67,67,67,67,67,67,67,67,67,67
POST,/wishlist/add,90,24,1500.0,4607.824811433723,65.58184100140352,62987.90620300133,116.13333333333334,0.15081366663628332,0.04021697776967555,1900,3000,4100,4200,11000,23000,33000,63000,63000,63000,63000
DELETE,/wishlist/b46a2a2b-194c-43f3-9b45-a24a9bd902f7,1,0,6642.827930001658,6642.827930001658,6642.827930001658,6642.827930001658,213.0,0.0016757074070698147,0.0,6600,6600,6600,6600,6600,6600,6600,6600,6600,6600,6600
GET,/wishlist/b46a2a2b-194c-43f3-9b45-a24a9bd902f7,1,1,594.289471002412,594.289471002412,594.289471002412,594.289471002412,31.0,0.0016757074070698147,0.0016757074070698147,590,590,590,590,590,590,590,590,590,590,590
PUT,/wishlist/b46a2a2b-194c-43f3-9b45-a24a9bd902f7,1,0,1128.8077019999037,1128.8077019999037,1128.8077019999037,1128.8077019999037,113.0,0.0016757074070698147,0.0,1100,1100,1100,1100,1100,1100,1100,1100,1100,1100,1100
DELETE,/wishlist/bccbdc8d-b8ed-49c8-a000-2527c7f0a4ad,1,0,130.46353200479643,130.46353200479643,130.46353200479643,130.46353200479643,205.0,0.0016757074070698147,0.0,130,130,130,130,130,130,130,130,130,130,130
GET,/wishlist/bccbdc8d-b8ed-49c8-a000-2527c7f0a4ad,1,1,7823.9610419987,7823.9610419987,7823.9610419987,7823.9610419987,31.0,0.0016757074070698147,0.0016757074070698147,7800,7800,7800,7800,7800,7800,7800,7800,7800,7800,7800
PUT,/wishlist/bccbdc8d-b8ed-49c8-a000-2527c7f0a4ad,1,1,3018.028222999419,3018.028222999419,3018.028222999419,3018.028222999419,0.0,0.0016757074070698147,0.0016757074070698147,3000,3000,3000,3000,3000,3000,3000,3000,3000,3000,3000
GET,/wishlist/bf6d088a-5102-4b1e-8fcd-a23bdf0d976b,1,0,5169.013033999363,5169.013033999363,5169.013033999363,5169.013033999363,150.0,0.0016757074070698147,0.0,5200,5200,5200,5200,5200,5200,5200,5200,5200,5200,5200
PUT,/wishlist/bf6d088a-5102-4b1e-8fcd-a23bdf0d976b,1,0,6151.053760004288,6151.053760004288,6151.053760004288,6151.053760004288,113.0,0.0016757074070698147,0.0,6200,6200,6200,6200,6200,6200,6200,6200,6200,6200,6200
DELETE,/wishlist/c33fb051-7055-4025-bb90-02185ea64d07,1,1,845.5566499978886,845.5566499978886,845.5566499978886,845.5566499978886,167.0,0.0016757074070698147,0.0016757074070698147,850,850,850,850,850,850,850,850,850,850,850
GET,/wishlist/c33fb051-7055-4025-bb90-02185ea64d07,1,1,3014.951873003156,3014.951873003156,3014.951873003156,3014.951873003156,0.0,0.0016757074070698147,0.0016757074070698147,3000,3000,3000,3000,3000,3000,3000,3000,3000,3000,3000
PUT,/wishlist/c33fb051-7055-4025-bb90-02185ea64d07,1,0,498.4827480002423,498.4827480002423,498.4827480002423,498.4827480002423,113.0,0.0016757074070698147,0.0,500,500,500,500,500,500,500,500,500,500,500
DELETE,/wishlist/c5bc62b5-bdea-4eb8-9e11-3dcf0a23178f,2,1,65,1229.9959740012127,64.78128200251376,2395.2106659999117,122.5,0.0033514148141396295,0.0016757074070698147,2400,2400,2400,2400,2400,2400,2400,2400,2400,2400,2400
GET,/wishlist/c5bc62b5-bdea-4eb8-9e11-3dcf0a23178f,2,1,71.1346969983424,3670.9198804965126,71.1346969983424,7270.705063994683,90.5,0.0033514148141396295,0.0016757074070698147,7300,7300,7300,7300,7300,7300,7300,7300,7300,7300,7300
PUT,/wishlist/c5bc62b5-bdea-4eb8-9e11-3dcf0a23178f,2,0,67.32311499945354,595.5510365020018,67.32311499945354,1123.77895800455,56.5,0.0033514148141396295,0.0,1100,1100,1100,1100,1100,1100,1100,1100,1100,1100,1100
DELETE,/wishlist/c76341c2-0efa-42aa-b6ab-122377717f14,1,1,1125.888426999154,1125.888426999154,1125.888426999154,1125.888426999154,167.0,0.0016757074070698147,0.0016757074070698147,1100,1100,1100,1100,1100,1100,1100,1100,1100,1100,1100
GET,/wishlist/c76341c2-0efa-42aa-b6ab-122377717f14,1,1,3013.416556001175,3013.416556001175,3013.416556001175,3013.416556001175,0.0,0.0016757074070698147,0.0016757074070698147,3000,3000,3000,3000,3000,3000,3000,3000,3000,3000,3000
PUT,/wishlist/c76341c2-0efa-42aa-b6ab-122377717f14,1,1,3012.7911110030254,3012.7911110030254,3012.7911110030254,3012.7911110030254,0.0,0.0016757074070698147,0.0016757074070698147,3000,3000,3000,3000,3000,3000,3000,3000,3000,3000,3000
DELETE,/wishlist/cc5a0781-b61d-400d-8c35-821ea52998c1,1,0,900.3916250003385,900.3916250003385,900.3916250003385,900.3916250003385,213.0,0.0016757074070698147,0.0,900,900,900,900,900,900,900,900,900,900,900
GET,/wishlist/cc5a0781-b61d-400d-8c35-821ea52998c1,1,0,4228.167724999366,4228.167724999366,4228.167724999366,4228.167724999366,150.0,0.0016757074070698147,0.0,4200,4200,4200,4200,4200,4200,4200,4200,4200,4200,4200
PUT,/wishlist/cc5a0781-b61d-400d-8c35-821ea52998c1,1,0,18181.75228200562,18181.75228200562,18181.75228200562,18181.75228200562,113.0,0.0016757074070698147,0.0,18000,18000,18000,18000,18000,18000,18000,18000,18000,18000,18000
DELETE,/wishlist/ccf7191e-8adf-44b9-ae4a-f1656d894f14,1,1,323.52234100108035,323.52234100108035,323.52234100108035,323.52234100108035,0.0,0.0016757074070698147,0.0016757074070698147,320,320,320,320,320,320,320,320,320,320,320
GET,/wishlist/ccf7191e-8adf-44b9-ae4a-f1656d894f14,1,1,1123.033354000654,1123.033354000654,1123.033354000654,1123.033354000654,31.0,0.0016757074070698147,0.0016757074070698147,1100,1100,1100,1100,1100,1100,1100,1100,1100,1100,1100
PUT,/wishlist/ccf7191e-8adf-44b9-ae4a-f1656d894f14,1,0,4080.8176240025205,4080.8176240025205,4080.8176240025205,4080.8176240025205,113.0,0.0016757074070698147,0.0,4100,4100,4100,4100,4100,4100,4100,4100,4100,4100,4100
DELETE,/wishlist/cf0348bf-44f5-4da6-9bd7-159d143ec363,1,1,382.3762550018728,382.3762550018728,382.3762550018728,382.3762550018728,167.0,0.0016757074070698147,0.0016757074070698147,380,380,380,380,380,380,380,380,380,380,380
GET,/wishlist/cf0348bf-44f5-4da6-9bd7-159d143ec363,1,0,1094.3248359981226,1094.3248359981226,1094.3248359981226,1094.3248359981226,150.0,0.0016757074070698147,0.0,1100,1100,1100,1100,1100,1100,1100,1100,1100,1100,1100
PUT,/wishlist/cf0348bf-44f5-4da6-9bd7-159d143ec363,1,0,15084.165678999852,15084.165678999852,15084.165678999852,15084.165678999852,113.0,0.0016757074070698147,0.0,15000,15000,15000,15000,15000,15000,15000,15000,15000,15000,15000
GET,/wishlist/d2447ee4-8f5e-42af-9c61-04cb3727e073,1,0,30922.481034998782,30922.481034998782,30922.481034998782,30922.481034998782,150.0,0.0016757074070698147,0.0,31000,31000,31000,31000,31000,31000,31000,31000,31000,31000,31000
PUT,/wishlist/d2447ee4-8f5e-42af-9c61-04cb3727e073,1,0,2122.846500002197,2122.846500002197,2122.846500002197,2122.846500002197,113.0,0.0016757074070698147,0.0,2100,2100,2100,2100,2100,2100,2100,2100,2100,2100,2100
DELETE,/wishlist/da04fd28-0c3c-406d-bf28-1a4746a352f3,1,0,4349.040424996929,4349.040424996929,4349.040424996929,4349.040424996929,213.0,0.0016757074070698147,0.0,4300,4300,4300,4300,4300,4300,4300,4300,4300,4300,4300
GET,/wishlist/da04fd28-0c3c-406d-bf28-1a4746a352f3,1,1,1938.8906550011598,1938.8906550011598,1938.8906550011598,1938.8906550011598,31.0,0.0016757074070698147,0.0016757074070698147,1900,1900,1900,1900,1900,1900,1900,1900,1900,1900,1900
PUT,/wishlist/da04fd28-0c3c-406d-bf28-1a4746a352f3,1,0,2091.0550889966544,2091.0550889966544,2091.0550889966544,2091.0550889966544,113.0,0.0016757074070698147,0.0,2100,2100,2100,2100,2100,2100,2100,2100,2100,2100,2100
DELETE,/wishlist/db963b5d-7c61-4b6d-bc16-46e202649fb6,1,0,346.9351009989623,346.9351009989623,346.9351009989623,346.9351009989623,213.0,0.0016757074070698147,0.0,350,350,350,350,350,350,350,350,350,350,350
GET,/wishlist/db963b5d-7c61-4b6d-bc16-46e202649fb6,1,1,326.3474490013323,326.3474490013323,326.3474490013323,326.3474490013323,31.0,0.0016757074070698147,0.0016757074070698147,330,330,330,330,330,330,330,330,330,330,330
PUT,/wishlist/db963b5d-7c61-4b6d-bc16-46e202649fb6,1,0,68.62885900045512,68.62885900045512,68.62885900045512,68.62885900045512,113.0,0.0016757074070698147,0.0,69,69,69,69,69,69,69,69,69,69,69
GET,/wishlist/e071f3a4-73ec-4203-a1f0-92112e229fc9,1,0,1138.7426180008333,1138.7426180008333,1138.7426180008333,1138.7426180008333,150.0,0.0016757074070698147,0.0,1100,1100,1100,1100,1100,1100,1100,1100,1100,1100,1100
PUT,/wishlist/e071f3a4-73ec-4203-a1f0-92112e229fc9,1,0,67.15399200038519,67.15399200038519,67.15399200038519,67.15399200038519,113.0,0.0016757074070698147,0.0,67,67,67,67,67,67,67,67,67,67,67
DELETE,/wishlist/e15d6f14-5fe0-4ec3-806b-91159360ab4f,1,0,3924.7865610013832,3924.7865610013832,3924.7865610013832,3924.7865610013832,213.0,0.0016757074070698147,0.0,3900,3900,3900,3900,3900,3900,3900,3900,3900,3900,3900
GET,/wishlist/e15d6f14-5fe0-4ec3-806b-91159360ab4f,2,1,66,67.61189849930815,65.62454999948386,69.59924699913245,90.5,0.0033514148141396295,0.0016757074070698147,70,70,70,70,70,70,70,70,70,70,70
PUT,/wishlist/e15d6f14-5fe0-4ec3-806b-91159360ab4f,2,0,63.374629004101735,1991.2112660022103,63.374629004101735,3919.047903000319,56.5,0.0033514148141396295,0.0,3900,3900,3900,3900,3900,3900,3900,3900,3900,3900,3900
DELETE,/wishlist/e7d10c6a-5f61-40d6-a781-978a75a15293,1,0,93.26419100398198,93.26419100398198,93.26419100398198,93.26419100398198,213.0,0.0016757074070698147,0.0,93,93,93,93,93,93,93,93,93,93,93
GET,/wishlist/e7d10c6a-5f61-40d6-a781-978a75a15293,1,0,93.1701890003751,93.1701890003751,93.1701890003751,93.1701890003751,150.0,0.0016757074070698147,0.0,93,93,93,93,93,93,93,93,93,93,93
PUT,/wishlist/e7d10c6a-5f61-40d6-a781-978a75a15293,1,0,8572.557316001621,8572.557316001621,8572.557316001621,8572.557316001621,113.0,0.0016757074070698147,0.0,8600,8600,8600,8600,8600,8600,8600,8600,8600,8600,8600
DELETE,/wishlist/ea673cb8-5cdb-457a-ad6b-b1ea22d19616,2,1,68,1125.2611879972392,67.65398499555886,2182.8683909989195,122.5,0.0033514148141396295,0.0016757074070698147,2200,2200,2200,2200,2200,2200,2200,2200,2200,2200,2200
GET,/wishlist/ea673cb8-5cdb-457a-ad6b-b1ea22d19616,2,1,66.0201880018576,1539.0815125028894,66.0201880018576,3012.142837003921,75.0,0.0033514148141396295,0.0016757074070698147,3000,3000,3000,3000,3000,3000,3000,3000,3000,3000,3000
PUT,/wishlist/ea673cb8-5cdb-457a-ad6b-b1ea22d19616,2,0,1926.2021070026094,1929.2048805036757,1926.2021070026094,1932.207654004742,56.5,0.0033514148141396295,0.0,1900,1900,1900,1900,1900,1900,1900,1900,1900,1900,1900
DELETE,/wishlist/ef43eb32-dea4-4e43-9413-14f89f78c8e8,1,1,48079.55342799687,48079.55342799687,48079.55342799687,48079.55342799687,167.0,0.0016757074070698147,0.0016757074070698147,48000,48000,48000,48000,48000,48000,48000,48000,48000,48000,48000
GET,/wishlist/ef43eb32-dea4-4e43-9413-14f89f78c8e8,1,0,12810.103238996817,12810.103238996817,12810.103238996817,12810.103238996817,150.0,0.0016757074070698147,0.0,13000,13000,13000,13000,13000,13000,13000,13000,13000,13000,13000
PUT,/wishlist/ef43eb32-dea4-4e43-9413-14f89f78c8e8,1,1,3012.963426997885,3012.963426997885,3012.963426997885,3012.963426997885,0.0,0.0016757074070698147,0.0016757074070698147,3000,3000,3000,3000,3000,3000,3000,3000,3000,3000,3000
DELETE,/wishlist/f14a78ff-f9af-4318-b2a2-e629f4e222a5,1,0,68.8076340011321,68.8076340011321,68.8076340011321,68.8076340011321,205.0,0.0016757074070698147,0.0,69,69,69,69,69,69,69,69,69,69,69
GET,/wishlist/f14a78ff-f9af-4318-b2a2-e629f4e222a5,1,0,26889.323372000945,26889.323372000945,26889.323372000945,26889.323372000945,150.0,0.0016757074070698147,0.0,27000,27000,27000,27000,27000,27000,27000,27000,27000,27000,27000
PUT,/wishlist/f14a78ff-f9af-4318-b2a2-e629f4e222a5,1,1,3018.4098719983012,3018.4098719983012,3018.4098719983012,3018.4098719983012,0.0,0.0016757074070698147,0.0016757074070698147,3000,3000,3000,3000,3000,3000,3000,3000,3000,3000,3000
DELETE,/wishlist/f3d904c8-75db-404e-b675-22346dc474ac,1,0,2124.781823004014,2124.781823004014,2124.781823004014,2124.781823004014,213.0,0.0016757074070698147,0.0,2100,2100,2100,2100,2100,2100,2100,2100,2100,2100,2100
GET,/wishlist/f3d904c8-75db-404e-b675-22346dc474ac,1,0,3978.596820998064,3978.596820998064,3978.596820998064,3978.596820998064,150.0,0.0016757074070698147,0.0,4000,4000,4000,4000,4000,4000,4000,4000,4000,4000,4000
PUT,/wishlist/f3d904c8-75db-404e-b675-22346dc474ac,1,0,66.74563099659281,66.74563099659281,66.74563099659281,66.74563099659281,113.0,0.0016757074070698147,0.0,67,67,67,67,67,67,67,67,67,67,67
DELETE,/wishlist/f3f2b228-eef6-4722-b093-d41853aee7e7,1,0,69.32698900345713,69.32698900345713,69.32698900345713,69.32698900345713,213.0,0.0016757074070698147,0.0,69,69,69,69,69,69,69,69,69,69,69
GET,/wishlist/f3f2b228-eef6-4722-b093-d41853aee7e7,1,1,3014.600190006604,3014.600190006604,3014.600190006604,3014.600190006604,0.0,0.0016757074070698147,0.0016757074070698147,3000,3000,3000,3000,3000,3000,3000,3000,3000,3000,3000
PUT,/wishlist/f3f2b228-eef6-4722-b093-d41853aee7e7,1,0,1919.4552440021653,1919.4552440021653,1919.4552440021653,1919.4552440021653,113.0,0.0016757074070698147,0.0,1900,1900,1900,1900,1900,1900,1900,1900,1900,1900,1900
DELETE,/wishlist/f45d84df-2275-48f7-a04d-681c7717e553,1,0,16336.834191999515,16336.834191999515,16336.834191999515,16336.834191999515,213.0,0.0016757074070698147,0.0,16000,16000,16000,16000,16000,16000,16000,16000,16000,16000,16000
GET,/wishlist/f45d84df-2275-48f7-a04d-681c7717e553,1,1,66.25486700067995,66.25486700067995,66.25486700067995,66.25486700067995,31.0,0.0016757074070698147,0.0016757074070698147,66,66,66,66,66,66,66,66,66,66,66
PUT,/wishlist/f45d84df-2275-48f7-a04d-681c7717e553,1,0,69.1982200005441,69.1982200005441,69.1982200005441,69.1982200005441,113.0,0.0016757074070698147,0.0,69,69,69,69,69,69,69,69,69,69,69
DELETE,/wishlist/f48f59c1-1c38-42cc-a240-cb61b4066cb7,1,0,4103.8721179938875,4103.8721179938875,4103.8721179938875,4103.8721179938875,213.0,0.0016757074070698147,0.0,4100,4100,4100,4100,4100,4100,4100,4100,4100,4100,4100
GET,/wishlist/f48f59c1-1c38-42cc-a240-cb61b4066cb7,1,0,64.45516199892154,64.45516199892154,64.45516199892154,64.45516199892154,150.0,0.0016757074070698147,0.0,64,64,64,64,64,64,64,64,64,64,64
PUT,/wishlist/f48f59c1-1c38-42cc-a240-cb61b4066cb7,1,0,341.5604149995488,341.5604149995488,341.5604149995488,341.5604149995488,113.0,0.0016757074070698147,0.0,340,340,340,340,340,340,340,340,340,340,340
DELETE,/wishlist/f5e78834-a66d-4c97-b826-1791acd9d7fd,2,1,590.0,4484.841774501547,587.2061059999396,8382.477443003154,122.5,0.0033514148141396295,0.0016757074070698147,8400,8400,8400,8400,8400,8400,8400,8400,8400,8400,8400
GET,/wishlist/f5e78834-a66d-4c97-b826-1791acd9d7fd,2,1,66,597.8513029986061,65.81891699897824,1129.883688998234,90.5,0.0033514148141396295,0.0016757074070698147,1100,1100,1100,1100,1100,1100,1100,1100,1100,1100,1100
PUT,/wishlist/f5e78834-a66d-4c97-b826-1791acd9d7fd,2,0,69,16394.191702500393,68.76607300364412,32719.617331997142,56.5,0.0033514148141396295,0.0,33000,33000,33000,33000,33000,33000,33000,33000,33000,33000,33000
DELETE,/wishlist/f9c872ba-a1ff-4f7a-a05a-23ec299a334b,2,1,340.0,2255.419447501481,336.8964670007699,4173.942428002192,122.5,0.0033514148141396295,0.0016757074070698147,4200,4200,4200,4200,4200,4200,4200,4200,4200,4200,4200
GET,/wishlist/f9c872ba-a1ff-4f7a-a05a-23ec299a334b,2,1,89.24555099656573,2147.5218609994045,89.24555099656573,4205.798171002243,90.5,0.0033514148141396295,0.0016757074070698147,4200,4200,4200,4200,4200,4200,4200,4200,4200,4200,4200
PUT,/wishlist/f9c872ba-a1ff-4f7a-a05a-23ec299a334b,2,0,72,464.292413500516,71.66404199961107,856.9207850014209,56.5,0.0033514148141396295,0.0,860,860,860,860,860,860,860,860,860,860,860
DELETE,/wishlist/fb5bf950-583c-4051-8738-c60fd7b71ea8,1,0,30855.747399000393,30855.747399000393,30855.747399000393,30855.747399000393,213.0,0.0016757074070698147,0.0,31000,31000,31000,31000,31000,31000,31000,31000,31000,31000,31000
GET,/wishlist/fb5bf950-583c-4051-8738-c60fd7b71ea8,1,0,610.8622929968988,610.8622929968988,610.8622929968988,610.8622929968988,150.0,0.0016757074070698147,0.0,610,610,610,610,610,610,610,610,610,610,610
PUT,/wishlist/fb5bf950-583c-4051-8738-c60fd7b71ea8,1,0,15976.321572001325,15976.321572001325,15976.321572001325,15976.321572001325,113.0,0.0016757074070698147,0.0,16000,16000,16000,16000,16000,16000,16000,16000,16000,16000,16000
DELETE,/wishlist/remove,52,15,1100.0,2749.16438269247,64.81202999566449,33954.12354400469,114.98076923076923,0.08713678516763036,0.025135611106047222,1100,1900,3000,3000,6700,12000,16000,34000,34000,34000,34000
,Aggregated,1412,511,2100.0,4790.52002258574,6.808781996369362,304737.3774410007,139.3888101983003,2.3660988587825784,0.8562864850126753,2100,3000,3000,4000,10000,18000,33000,44000,304000,305000,305000
